{
    "AuditPort": {
        "type": "Array",
        "metadata": {
            "displayName": "高危端口",
            "description": "高危端口，禁止任意使用，列表元素必须为数字类型"
        }
    },
    "AllowNetUsing": {
        "type": "Array",
        "metadata": {
            "displayName": "允许使用网络列表",
            "description": "允许使用的网络， CIDR: 192.168.1.0/24"
        }
    },
    "effect": {
        "type": "String",
        "metadata": {
            "displayName": "操作",
            "description": "如果匹配规则，执行的操作"
        },
        "allowedValues": [
            "Audit",
            "Disabled",
            "Deny"
        ],
        "defaultValue": "Deny"
    }
}