{
    "if": {
        "allOf": [
            {
                "field": "type",
                "equals": "Microsoft.Network/networkSecurityGroups/securityRules"
            },
            {
                "allOf": [
                    {
                        "field": "Microsoft.Network/networkSecurityGroups/securityRules/access",
                        "equals": "Allow"
                    },
                    {
                        "field": "Microsoft.Network/networkSecurityGroups/securityRules/direction",
                        "equals": "Inbound"
                    },
                    {
                        "anyOf": [
                            {
                                "field": "Microsoft.Network/networkSecurityGroups/securityRules/destinationPortRange",
                                "equals": "*"
                            },
                            {
                                "field": "Microsoft.Network/networkSecurityGroups/securityRules/destinationPortRange",
                                "in": "[parameters('AuditPort')]"
                            },
                            {
                                "value": "[if(and(not(empty(field('Microsoft.Network/networkSecurityGroups/securityRules/destinationPortRange'))), contains(field('Microsoft.Network/networkSecurityGroups/securityRules/destinationPortRange'),'-')), not(empty(intersection(range(int(first(split(field('Microsoft.Network/networkSecurityGroups/securityRules/destinationPortRange'), '-'))), sub(add(int(last(split(field('Microsoft.Network/networkSecurityGroups/securityRules/destinationPortRange'), '-'))), 1), int(first(split(field('Microsoft.Network/networkSecurityGroups/securityRules/destinationPortRange'), '-'))))), parameters('AuditPort')))), 'false')]",
                                "equals": "true"
                            },
                            {
                                "count": {
                                    "field": "Microsoft.Network/networkSecurityGroups/securityRules/destinationPortRanges[*]",
                                    "where": {
                                        "value": "[if(and(not(empty(first(field('Microsoft.Network/networkSecurityGroups/securityRules/destinationPortRanges[*]')))), contains(first(field('Microsoft.Network/networkSecurityGroups/securityRules/destinationPortRanges[*]')),'-')), not(empty(intersection(range(int(first(split(first(field('Microsoft.Network/networkSecurityGroups/securityRules/destinationPortRanges[*]')), '-'))), sub(add(int(last(split(first(field('Microsoft.Network/networkSecurityGroups/securityRules/destinationPortRanges[*]')), '-'))),1), int(first(split(first(field('Microsoft.Network/networkSecurityGroups/securityRules/destinationPortRanges[*]')), '-'))))),parameters('AuditPort')))), 'false')]",
                                        "equals": "true"
                                    }
                                },
                                "greater": 0
                            },
                            {
                                "field": "Microsoft.Network/networkSecurityGroups/securityRules/destinationPortRanges[*]",
                                "equals": "*"
                            },
                            {
                                "field": "Microsoft.Network/networkSecurityGroups/securityRules/destinationPortRanges[*]",
                                "in": "[parameters('AuditPort')]"
                            }
                        ]
                    },
                    {
                        "field": "Microsoft.Network/networkSecurityGroups/securityRules/sourceAddressPrefix",
                        "notIn": "[parameters('AllowNetUsing')]"
                    },
                    {
                        "field": "Microsoft.Network/networkSecurityGroups/securityRules/sourceAddressPrefixes[*]",
                        "notIn": "[parameters('AllowNetUsing')]"
                    }
                ]
            }
        ]
    },
    "then": {
        "effect": "[parameters('effect')]"
    }
}